Prophage Category,Precision,Recall,F1 Score,Simulation,Complexity
Prophage_Virus_Greater_2,0.04719747377918124,0.3537616229923922,0.08328358208955224,Exponential,Medium
Prophage_Virus_Full,0.04933069624788603,0.7273879966187659,0.09239524333610717,Exponential,Medium
Prophage_Bacteria_Full,0.015363889127755324,0.9571428571428572,0.030242333624848364,Exponential,Medium
Prophage_Bacteria_Greater_2,0.02148415473102515,0.6803571428571429,0.041653000983929156,Exponential,Medium
