Prophage Category,Precision,Recall,F1 Score,Simulation,Complexity
Prophage_Virus_Greater_2,0.24200809982936908,0.337780838426444,0.2819843342036554,Exponential,High
Prophage_Virus_Full,0.2423592041013337,0.7419873174370893,0.3653742899935004,Exponential,High
Prophage_Bacteria_Full,0.019025839526884542,0.8966431095406361,0.03726103835317223,Exponential,High
Prophage_Bacteria_Greater_2,0.027876570112863104,0.598939929328622,0.05327361659496729,Exponential,High
