Prophage Category,Precision,Recall,F1 Score,Simulation,Complexity
Prophage_Virus_Greater_2,0.27927903287566325,0.3081449738962489,0.2930027690497712,Lognormal,High
Prophage_Virus_Full,0.2767934940458902,0.7189848205932945,0.39970808307888467,Lognormal,High
Prophage_Bacteria_Full,0.02731338948591345,0.8646561235748437,0.05295402842534406,Lognormal,High
Prophage_Bacteria_Greater_2,0.04195612931458892,0.5641780066200809,0.07810391792469643,Lognormal,High
