Prophage Category,Precision,Recall,F1 Score,Simulation,Complexity
Prophage_Virus_Greater_2,0.060579724962936454,0.3574660633484163,0.10360202832663053,Lognormal,Medium
Prophage_Virus_Full,0.05585607053496962,0.7070889894419307,0.10353356890459363,Lognormal,Medium
Prophage_Bacteria_Full,0.014821875372334087,0.9325337331334332,0.02917995871645712,Lognormal,Medium
Prophage_Bacteria_Greater_2,0.024538622769797045,0.719640179910045,0.04745896776745106,Lognormal,Medium
