Prophage Category,Precision,Recall,F1 Score,Simulation,Complexity
Prophage_Virus_Greater_2,0.21550458176691728,0.2588685635661239,0.23520455182914612,Uniform,High
Prophage_Virus_Full,0.2113193920094547,0.681296195029018,0.32258253116451946,Uniform,High
Prophage_Bacteria_Full,0.014887889432388956,0.8777419354838709,0.02927915810314958,Uniform,High
Prophage_Bacteria_Greater_2,0.028004581766917294,0.6151612903225806,0.0535704253047924,Uniform,High
