Prophage Category,Precision,Recall,F1 Score,Simulation,Complexity
Prophage_Virus_Greater_2,0.3178812158209335,0.295676347075176,0.30637698035730704,Zero,High
Prophage_Virus_Full,0.3109677587171117,0.7071035665700598,0.43196661337091147,Zero,High
Prophage_Bacteria_Full,0.019183498289742355,0.8769322235434007,0.037545659339960034,Zero,High
Prophage_Bacteria_Greater_2,0.03166730255627623,0.5921521997621879,0.060119514697893395,Zero,High
