Prophage Category,Precision,Recall,F1 Score,Simulation,Complexity
Prophage_Virus_Greater_2,0.05229037979328482,0.3498363338788871,0.09098164405426976,Zero,Medium
Prophage_Virus_Full,0.05797687666430714,0.7037643207855974,0.10712839836816045,Zero,Medium
Prophage_Bacteria_Full,0.013482994573094684,0.954653937947494,0.02659044073655521,Zero,Medium
Prophage_Bacteria_Greater_2,0.020121093511100238,0.7852028639618138,0.03923673225998807,Zero,Medium
